channel-uf,channel-city,channel-network,channel-name,channel-codec,channel-resolution,tvg-id,tvg-name,url-tvg,tvg-language,tvg-country,tvg-logo,group-title,shift,audio-track,aspect-ratio,subtitles,background,url
AM,Manaus,Boas Novas,Boas Novas Manaus,h264,1080,REDE.BOAS.NOVAS.-.NET.MANAUS.br,Boas Novas Manaus,https://github.com/epgshare01/share01/blob/master/epg_ripper_BR1.xml.gz?raw=true,Portuguese,BR,https://upload.wikimedia.org/wikipedia/pt/thumb/3/39/Rede_Boas_Novas.png/200px-Rede_Boas_Novas.png,Religioso,-3,por,16:9,por,#000000,https://cdn.jmvstream.com/w/LVW-9375/LVW9375_6i0wPBCHYc/playlist.m3u8
AM,Manaus,CNT,CNT Manaus,h264,720,CNT.REDE.br,CNT Manaus,https://github.com/epgshare01/share01/blob/master/epg_ripper_BR1.xml.gz?raw=true,Portuguese,BR,https://upload.wikimedia.org/wikipedia/commons/thumb/4/45/CNT_logo.svg/750px-CNT_logo.svg.png,Geral,-3,por,16:9,por,#000000,https://d1s664t39qub1o.cloudfront.net/live/cnt-manaus.m3u8
AM,Manaus,RecordTV,RecordTV Manaus,h264,1080,,RecordTV Manaus,,Portuguese,BR,https://upload.wikimedia.org/wikipedia/pt/0/0b/Logotipo_da_RecordTV_Manaus.png,Geral,-3,por,16:9,por,#000000,https://playplusmao-lh.akamaihd.net/i/pp_mao@409195/master.m3u8
BA,Salvador,CNT,CNT Bahia,h264,1080,CNTBahia.br(m3u4u),CNT Bahia,http://m3u4u.com/epg/68m7n4xmj4szww5n1gek,Portuguese,BR,https://upload.wikimedia.org/wikipedia/commons/thumb/4/45/CNT_logo.svg/750px-CNT_logo.svg.png,Geral,-3,por,16:9,por,#000000,https://dd8umsy8yf96u.cloudfront.net/live/cnt-salvador.m3u8
BA ,Salvador ,RecordTV,RecordTV Itapoan,h264,1080,RecordTVItapoan.br(m3u4u),RecordTV Itapoan,http://m3u4u.com/epg/68m7n4xmj4szww5n1gek,Portuguese,BR,https://upload.wikimedia.org/wikipedia/pt/1/13/Logotipo_da_RecordTV_Itapoan.png,Geral,-3,por,16:9,por,#000000,https://playplussdr-lh.akamaihd.net/i/pp_sdr@377858/master.m3u8
BA ,Salvador ,Rede Legislativa,TV ALBA,h264,1080,,TV ALBA,,Portuguese,BR,,Legislativo,-3,por,16:9,por,#000000,https://digilab.cds.ebtcvd.net/live-tvalba/stream/playlist.m3u8
BA ,Salvador ,TV Brasil/Futura,TVE Bahia,h264,1080,TVEBahia.br(m3u4u),TVE Bahia,http://m3u4u.com/epg/68m7n4xmj4szww5n1gek,Portuguese,BR,,Educativo,-3,por,16:9,por,#000000,http://stream2.ba.gov.br/hls-live/livepkgr/_definst_/irdeb/pgm-1.m3u8
BA ,Salvador ,TV Cultura,TV Baiana,h264,1080,,TV Baiana,,Portuguese,BR,,Geral,-3,por,16:9,por,#000000,https://videodj.fm5.com.br:19360/tvbaiana/tvbaiana.m3u8
BA ,Salvador ,TV Universal,TV Ouro Negro,h264,1080,,TV Ouro Negro,,Portuguese,BR,,Religioso,-3,por,16:9,por,#000000,https://stmv1.srvstm.com/diegodemenezes3156/diegodemenezes3156/playlist.m3u8
CE,Caucaia,TV Escola,TV Metrópole,h264,720,,TV Metrópole,,Portuguese,BR,https://upload.wikimedia.org/wikipedia/pt/9/92/Logotipo_da_TV_Metr%C3%B3pole.png,Educativo,-3,por,16:9,por,#000000,https://cdn-fundacao-2110.ciclano.io:1443/fundacao-2110/fundacao-2110/playlist.m3u8
CE,Fortaleza,Futura,Canal FDR,h264,1080,CanalFDR.br(m3u4u),Canal FDR,http://m3u4u.com/epg/68m7n4xmj4szww5n1gek,Portuguese,BR,,Educativo,-3,por,16:9,por,#000000,https://stmv1.transmissaodigital.com/ronald6259/ronald6259/playlist.m3u8
CE,Fortaleza,Rede Legislativa,TV Assembleia Legislativa Ceará,h264,720,AssembleiaLegislativaCeara.br(m3u4u),TV Assembleia Legislativa Ceará,http://m3u4u.com/epg/68m7n4xmj4szww5n1gek,Portuguese,BR,https://i.imgur.com/oDDuqms.png,Legislativo,-3,por,16:9,por,#000000,https://jjn5dkk9bd.zoeweb.tv/z404-live/stream/playlist.m3u8
CE,Fortaleza,SBT,TV Jangadeiro,h264,1080,TVJangadeiro.br(m3u4u),TV Jangadeiro,http://m3u4u.com/epg/68m7n4xmj4szww5n1gek,Portuguese,BR,,Geral,-3,por,16:9,por,#000000,https://5a1c76baf08c0.streamlock.net/tvsd2/smil:tvsd2_20042020.smil/playlist.m3u8
CE,Fortaleza,sem rede,TV Diário,h264,1080,TV.DIÁRIO.FORTALEZA.e.NATAL.br,TV Diário,https://github.com/epgshare01/share01/blob/master/epg_ripper_BR1.xml.gz?raw=true,Portuguese,BR,https://upload.wikimedia.org/wikipedia/commons/thumb/9/94/TV_Di%C3%A1rio_logo.svg/500px-TV_Di%C3%A1rio_logo.svg.png,Geral,-3,por,16:9,por,#000000,https://www.dailymotion.com/video/x7txn7q
CE,Fortaleza,TV Brasil/TV Cultura,TV Ceará,h264,1080,TV.CEARA.br,TV Ceará,https://github.com/epgshare01/share01/blob/master/epg_ripper_BR1.xml.gz?raw=true,Portuguese,BR,,Geral,-3,por,16:9,por,#000000,https://cdn.jmvstream.com/w/AVJ-9889/playlist/playlist.m3u8
CE,Fortaleza,TV Universal,TV Capital,h264,1080,,TV Capital,,Portuguese,BR,,Geral,-3,por,16:9,por,#000000,https://stmv1.srvif.com/rbc/rbc/playlist.m3u8
DF,Brasília,RecordTV,RecordTV Brasília,h264,1080,RecordTVBrasilia.br(m3u4u),RecordTV Brasília,http://m3u4u.com/epg/68m7n4xmj4szww5n1gek,Portuguese,BR,https://upload.wikimedia.org/wikipedia/pt/2/2a/Logotipo_da_RecordTV_Bras%C3%ADlia.png,Geral,-3,por,16:9,por,#000000,https://playplusbsa-lh.akamaihd.net/i/pp_bsa@377860/master.m3u8
DF,Brasília,Rede Legislativa,TV Câmara,h264,720,TVCamara.br(m3u4u),TV Câmara,http://m3u4u.com/epg/68m7n4xmj4szww5n1gek,Portuguese,BR,https://logodownload.org/wp-content/uploads/2019/01/tv-camara-logo.png,Legislativo,-3,por,16:9,por,#000000,https://stream3.camara.gov.br/tv1/manifest.m3u8
DF,Brasília,Rede Legislativa,TV Câmara 2,h264,720,,TV Câmara 2,,Portuguese,BR,,Legislativo,-3,por,16:9,por,#000000,https://stream3.camara.gov.br/tv2/manifest.m3u8
DF,Brasília,Rede Legislativa,TV Senado,wmv3,360,TVSenado.br(m3u4u),TV Senado,http://m3u4u.com/epg/68m7n4xmj4szww5n1gek,Portuguese,BR,https://upload.wikimedia.org/wikipedia/commons/thumb/8/81/TV_Senado.svg/1280px-TV_Senado.svg.png,Legislativo,-3,por,16:9,por,#000000,rtsp://drix.senado.gov.br/tv1
DF,Brasília,Rede União,TV União Brasília,h264,1080,,TV União Brasília,,Portuguese,BR,https://tvuniaobrasilia.com.br/wp-content/uploads/2020/01/Lg_Tv_Uniao_Bsb_Canal_300px.png,Geral,-3,por,16:9,por,#000000,https://596639ebdd89b.streamlock.net/tvuniao/tvuniao/playlist.m3u8
DF,Brasília,SBT,SBT Brasília,h264,1080,,SBT Brasília,,Portuguese,BR,,Geral,-3,por,16:9,por,#000000,https://www.youtube.com/user/TVSBTBrasilia/live
DF,Brasília,sem rede,ALL Sports TV,h264,720,,ALL Sports TV,,Portuguese,BR,https://i.imgur.com/T37KWjg.png,Esportes,-3,por,16:9,por,#000000,https://5cf4a2c2512a2.streamlock.net/dgrau/dgrau/chunklist.m3u8
DF,Brasília,sem rede,TV Brasil,h264,1080,TVBrasil.br(m3u4u),TV Brasil,http://m3u4u.com/epg/68m7n4xmj4szww5n1gek,Portuguese,BR,https://upload.wikimedia.org/wikipedia/pt/1/1c/Logotipo_da_TV_Brasil.png,Governamental,-3,por,16:9,por,#000000,https://video-rvd-pe-cdc-gw-4-1.rnp.br/live/ocp(t(FlM0jMy8CK0)r(fVR9ug)a(yZaYKg)p(d(2xc)k(q8M)m(Y2z8kNxcbsio8GbHKbSdgA)n(a(yUB7ng)s(pEg)'a(DJPRFA)s(2to)))s(s(3RI)b(reymt_1x067kS42ungIx7xCR4bFzftjDklGKcCr66wFJYetU0RBU81_FPhxck31p8jG1Qtgmmldi5QEKfA)'s(nYw)b(N_E-6z_RzWV9MbguJLDW2vgYaDu7yE9niy5zKQHsseVBFmuFQayOBCdIImSB-tm17i_pHL6-GYIPP-eiibBXeHoP6a8BtCL1fJ4HTDNZ)'s(HLo)b(1px-3nh9))m(0))/index.m3u8
DF,Brasília,sem rede,TV Brasil 2,h264,1080,TV.Brasil.2.br,TV Brasil 2,https://github.com/epgshare01/share01/blob/master/epg_ripper_BR1.xml.gz?raw=true,Portuguese,BR,,Governamental,-3,por,16:9,por,#000000,
DF,Brasília,sem rede,TV Justiça,h264,1080,TV.JUSTIÇA.br,TV Justiça,http://m3u4u.com/epg/68m7n4xmj4szww5n1gek,Portuguese,BR,,Governamental,-3,por,16:9,por,#000000,https://www.youtube.com/channel/UC0qlZ5jxxueKNzUERcrllNw/live
DF,Brasília,sem rede,UnBTV,h264,720,,UnBTV,,Portuguese,BR,https://i.imgur.com/ZEBfmvb.png,Educação,-3,por,16:9,por,#000000,https://video-rvd-mg-1.rnp.br/live/ocp(t(FlPX_xW91dE)r(fVR9ug)a(yZaYKg)p(d(2xc)k(q8M)m(H0rUczp6xxUK-bjBM2mC0A)n(a(eq9-eg)s(4dA)'a(kvpuHw)s(vUs)))s(s(qEE)b(_-dYZvSEgxEnC25qm7HxgjkwHO_CqwWpcL_89lNhh_xsOQUS4DUb7OVumK5uwL8MBUifGnsD_irTNOITZw)'s(FBo)b(gJfb6tRIuleT8di-I2E0WTtmbA4QSIW-Dm6DUXfXB_FnD6ZyqFH5PsLqYJHgBLSNSZnc9V715JgoSb2QejD1jLhlicJJQXYAeOB-iWwN)'s(54o)b(CRZZkoZ7))m(0))/index.m3u8
ES,Guarapari,Rede Minas,TV Guarapari,h264,1080,,TV Guarapari,,Portuguese,BR,,Geral,-3,por,16:9,por,#000000,https://video.wellhost.com.br/tvguarapari/tvguarapari/playlist.m3u8
GO,Goiânia,RecordTV,RecordTV Goiás,h264,1080,RecordTVGoias.br(m3u4u),RecordTV Goiás,http://m3u4u.com/epg/68m7n4xmj4szww5n1gek,Portuguese,BR,,Geral,-3,por,16:9,por,#000000,https://playplusgoya-lh.akamaihd.net/i/pp_gna@377833/master.m3u8
GO,Goiânia,Rede Fonte,Fonte TV,h264,1080,,Fonte TV,,Portuguese,BR,,Religioso,-3,por,16:9,por,#000000,http://flash.softhost.com.br:1935/fonte/fontetv/live.m3u8
GO,Goiânia,SBT,TV Serra Dourada,h264,1080,TVSerraDourada.br(m3u4u),TV Serra Dourada,http://m3u4u.com/epg/68m7n4xmj4szww5n1gek,Portuguese,BR,,Geral,-3,por,16:9,por,#000000,https://5a1c76baf08c0.streamlock.net/tvsd2/smil:tvsd2_20042020.smil/playlist.m3u8
GO,Goiânia,sem rede,Metrópole News TV,h264,480,,Metrópole News TV,,Portuguese,BR,,Geral,-3,por,16:9,por,#000000,http://in.uaimacks.net.br:1935/macks/macks.sdp/playlist.m3u8
GO,Goiânia,TV Aparecida,PUC TV Goiás,h264,320,PUCTVGoias.br(m3u4u),PUC TV Goiás,http://m3u4u.com/epg/68m7n4xmj4szww5n1gek,Portuguese,BR,,Educação,-3,por,16:9,por,#000000,http://flash.softhost.com.br:1935/pucgoias/aovivo/live.m3u8
GO,Goiânia,TV Cultura,TV Brasil Central,h264,1080,,TV Brasil Central,,Portuguese,BR,,Educação,-3,por,16:9,por,#000000,http://wz3.dnip.com.br/tvbrasil/tvbrasil.sdp/playlist.m3u8
GO,Trindade,TV Pai Eterno,RCI,h264,1080,,RCI,,Portuguese,BR,,Religioso,-3,por,16:9,por,#000000,https://59f1cbe63db89.streamlock.net:1443/teste01/_definst_/teste01/playlist.m3u8
MG,Belo Horizonte,RecordTV,RecordTV Minas,h264,1080,RecordTVMinas.br(m3u4u),RecordTV Minas,http://m3u4u.com/epg/68m7n4xmj4szww5n1gek,Portuguese,BR,,Geral,-3,por,16:9,por,#000000,https://playplusbh-lh.akamaihd.net/i/pp_bh@377862/master.m3u8
MG,Belo Horizonte,Rede Legislativa,TV ALMG,h264,480,TVAssembleiadeMinasGerais.br(m3u4u),TV ALMG,http://m3u4u.com/epg/68m7n4xmj4szww5n1gek,Portuguese,BR,,Legislativo,-3,por,16:9,por,#000000,https://streaming.almg.gov.br/live/tvalmg.m3u8
MG,Belo Horizonte,Rede Super,Rede Super,h264,432,RedeSuper.br(m3u4u),Rede Super,http://m3u4u.com/epg/68m7n4xmj4szww5n1gek,Portuguese,BR,,Religioso,-3,por,16:9,por,#000000,http://api.new.livestream.com/accounts/10205943/events/3429501/live.m3u8
MG,Belo Horizonte,sem rede,TV Horizonte,h264,720,HorizonteTV.br(m3u4u),TV Horizonte,http://m3u4u.com/epg/68m7n4xmj4szww5n1gek,Portuguese,BR,,Religioso,-3,por,16:9,por,#000000,https://www.youtube.com/channel/UC_n4rC_MIZVtpKHmtIc_QbQ/live
MG,Diamantina,Rede Minas,TV Vale,h264,1080,,TV Vale,,Portuguese,BR,,Educativo,-3,por,16:9,por,#000000,https://livefocamundo.com:8081/tvvale/tracks-v1a1/mono.m3u8
MG,Guaxupé,Rede Minas,TV Sul,h264,1080,,TV Sul,,Portuguese,BR,,Educativo,-3,por,16:9,por,#000000,http://live.cdn.upx.com/00046/myStream.sdp/playlist.m3u8
MG,Lambari,sem rede,O Caminho Antigo,h264,720,,O Caminho Antigo,,Portuguese,BR,,Religioso,-3,por,16:9,por,#000000,https://www.youtube.com/channel/UC-ifnHf4QVhOS7ZKQTkfXdQ/live
MG,Ouro Preto,sem rede,TV UFOP,h264,1080,,TV UFOP,,Portuguese,BR,,Educativo,-3,por,16:9,por,#000000,https://video-rvd-df-gw-1-1.rnp.br/live/ocp(t(FlM1vNyyrPk)r(fVR9ug)a(yZaYKg)p(d(2xc)k(q8M)m(AZkmMgp8z-kQybf2YZp1pw)n(a(3mDwWA)s(3jo)'a(kjjJMw)s(XRI)))s(s(JEk)b(29MWrvw2BrqKxjcFKgfwbeOD4RfT_i9VGdF341rDuWcycz74TVxx5c7Cw_Q1ZuCEE5ZZvaCbWCOVPMb-5A)'s(85k)b(OdOblKZd1Ep8PZhRBpJ0i9kwEUnSziQIROnr8YD_VxQgSxZUyVGf2zzBmUYqvBZAaKT-DJyPwb04BU3KyahDLBYpxiH_cxNWn2Yzw_13)'s(TAg)b(qntz92J_))m(0))/index.m3u8
MG,Patos de Minas,Rede Minas/TV Cultura,NTV,h264,1080,,NTV,,Portuguese,BR,,Educativo,-3,por,16:9,por,#000000,https://59f1cbe63db89.streamlock.net:1443/ntvnet/_definst_/ntvnet/playlist.m3u8
MG,Unaí,Rede Minas,TV Rio Preto,h264,1080,,TV Rio Preto,,Portuguese,BR,,Geral,-3,por,16:9,por,#000000,https://livefocamundo.com:8081/tvriopreto/tracks-v1a1/mono.m3u8
MG,Viçosa,Rede Minas,TV Viçosa,h264,1080,,TV Viçosa,,Portuguese,BR,,Geral,-3,por,16:9,por,#000000,http://wz4.dnip.com.br/fratevitv/fratevitv.sdp/playlist.m3u8
MS,Campo Grande,sem rede,AgroBrasil TV,h264,480,AgroBrasilTV.br(m3u4u),AgroBrasil TV,http://m3u4u.com/epg/68m7n4xmj4szww5n1gek,Portuguese,BR,,Agro,-3,por,16:9,por,#000000,http://45.162.230.234:1935/agrobrasiltv/agrobrasiltv/playlist.m3u8
MS,Campo Grande,sem rede,Canal do Boi,h264,480,CanaldoBoi.br(m3u4u),Canal do Boi,http://m3u4u.com/epg/68m7n4xmj4szww5n1gek,Portuguese,BR,,Agro,-3,por,16:9,por,#000000,https://aovivo.equipea.com.br:5443/WebRTCAppEE/streams/713829795440060188004130.m3u8
MT,Cuiabá,CNT,CNT Cuiabá,h264,720,CNT.REDE.br,CNT Cuiabá,https://github.com/epgshare01/share01/blob/master/epg_ripper_BR1.xml.gz?raw=true,Portuguese,BR,,Geral,-3,por,16:9,por,#000000,https://d1s664t39qub1o.cloudfront.net/live/cnt-cuiaba.m3u8
MT,Cuiabá,Rede Legislativa,TV Assembleia MT,h264,720,,TV Assembleia MT,,Portuguese,BR,,Legislativo,-3,por,16:9,por,#000000,https://streaming.al.mt.gov.br/test/index.m3u8
PA,Belém,RecordTV,RecordTV Belém,h264,1080,RecordTVBelem.br(m3u4u),RecordTV Belém,http://m3u4u.com/epg/68m7n4xmj4szww5n1gek,Portuguese,BR,,Geral,-3,por,16:9,por,#000000,https://playpluspa-lh.akamaihd.net/i/pp_pa@377468/master.m3u8
PA,Belém,SBT,SBT Pará,h264,1080,,SBT Pará,,Portuguese,BR,,Geral,-3,por,16:9,por,#000000,https://www.youtube.com/user/SBTPara/live
PA,Belém,sem rede,RBA TV,h264,1080,RBATV.br(m3u4u),RBA TV,http://m3u4u.com/epg/68m7n4xmj4szww5n1gek,Portuguese,BR,,Geral,-3,por,16:9,por,#000000,https://5cf4a2c2512a2.streamlock.net/rbatv/rbatv/playlist.m3u8
PB,João Pessoa,RedeTV!,TV Arapuan,h264,720,TVArapuan.br(m3u4u),TV Arapuan,http://m3u4u.com/epg/68m7n4xmj4szww5n1gek,Portuguese,BR,https://www.tvarapuan.com.br/2021/images/site/logo.png,Geral,-3,por,16:9,por,#000000,https://5b7f3c45ab7c2.streamlock.net/tvarapuan/tvarapuan/playlist.m3u8
PE,Recife,SBT,TV Jornal,h264,1080,TVJornal.br(m3u4u),TV Jornal,http://m3u4u.com/epg/68m7n4xmj4szww5n1gek,Portuguese,BR,,Geral,-3,por,16:9,por,#000000,http://evpp.mm.uol.com.br:1935/ne10/ne10-tvjornal-caruaru-video-web.sdp/playlist.m3u8
PI,Teresina,SBT,TV Cidade Verde Piauí,h264,1080,,TV Cidade Verde Piauí,,Portuguese,BR,,Geral,-3,por,16:9,por,#000000,https://stmv1.transmissaodigital.com/cidadeverdenovo/cidadeverdenovo/playlist.m3u8
PR,Curitiba,CNT,CNT Curitiba,h264,1080,CNT.REDE.br,CNT Curitiba,https://github.com/epgshare01/share01/blob/master/epg_ripper_BR1.xml.gz?raw=true,Portuguese,BR,,Geral,-3,por,16:9,por,#000000,https://dd8umsy8yf96u.cloudfront.net/live/cnt-curitiba.m3u8
PR,Curitiba,sem rede,TV Evangelizar,h264,1080,,TV Evangelizar,,Portuguese,BR,,Religioso,-3,por,16:9,por,#000000,https://5f593df7851db.streamlock.net/evangelizar/tv/playlist.m3u8
PR,Curitiba,Top TV,Central TV,h264,1080,,Central TV,,Portuguese,BR,,Geral,-3,por,16:9,por,#000000,https://serv2.videovox.pw/joaorodrigo7309/joaorodrigo7309/playlist.m3u8
PR,Londrina,CNT,CNT Londrina,h264,1080,CNT.REDE.br,CNT Londrina,https://github.com/epgshare01/share01/blob/master/epg_ripper_BR1.xml.gz?raw=true,Portuguese,BR,,Geral,-3,por,16:9,por,#000000,https://d1s664t39qub1o.cloudfront.net/live/cnt-londrina.m3u8
RJ,Rio de Janeiro,CNT,CNT Rio,h264,720,CNTRio.br(m3u4u),CNT Rio,http://m3u4u.com/epg/68m7n4xmj4szww5n1gek,Portuguese,BR,,Geral,-3,por,16:9,por,#000000,https://dd8umsy8yf96u.cloudfront.net/live/cnt-rio.m3u8
RJ,Rio de Janeiro,Futura,Futura,h264,1080,Futura(m3u4u),Futura,http://m3u4u.com/epg/68m7n4xmj4szww5n1gek,Portuguese,BR,,Educativo,-3,por,16:9,por,#000000,
RJ,Rio de Janeiro,RecordTV,RecordTV Rio,h264,1080,RecordTVRio.br(m3u4u),RecordTV Rio,http://m3u4u.com/epg/68m7n4xmj4szww5n1gek,Portuguese,BR,,Geral,-3,por,16:9,por,#000000,https://playplusrjo-lh.akamaihd.net/i/pp_rj@377859/master.m3u8
RJ,Rio de Janeiro,Rede Legislativa,TV ALERJ,h264,720,,TV ALERJ,,Portuguese,BR,,Legislativo,-3,por,16:9,por,#000000,https://www.youtube.com/channel/UCH1a8t5cikU9cYa69BLVfbQ/live
RJ,Rio de Janeiro,sem rede,Canal Saúde,h264,1080,,Canal Saúde,,Portuguese,BR,,Saúde,-3,por,16:9,por,#000000,https://arkyvbre1g.zoeweb.tv/fiocruz/fiocruz/chunklist.m3u8
RJ,Rio de Janeiro,sem rede,TV INES,h264,1080,,TV INES,,Portuguese,BR,,Geral,-3,por,16:9,por,#000000,https://video-rvd-df-gw-4-1.rnp.br/live/ocp(t(FlM1YOkiDw0)r(fVR9ug)a(yZaYKg)p(d(2xc)k(q8M)m(iQwkwV0mHTPS0K56mLr9iw)n(a(HQlftw)s(F1I)'a(sL3dmQ)s(4wE)))s(s(XFw)b(8_GHV0OD4rdWXi8BbSoEUutMTx2FgRTGb1aHw972wS8YBRlggx1keWOrOSkYqml3CdhYkS7xRmhht1djJg)'s(Z0A)b(vg1x0dniteMnRdWc_mJW7uqBFsCwrCFHspgisWZXIu5gDKA1ngQhOfN0UK31JL1xKqxtndRNrcrUTwBOEep4_0CRTpYZZCSZF7SWyAa6)'s(jTQ)b(Thg-z9v5))m(0))/index.m3u8
RJ,Rio de Janeiro,TV Escola,TV Escola,h264,720,TVEscola.br(m3u4u),TV Escola,http://m3u4u.com/epg/68m7n4xmj4szww5n1gek,Portuguese,BR,https://upload.wikimedia.org/wikipedia/commons/b/b5/TV_Escola.png,Educação,-3,por,16:9,por,#000000,https://video-rvd-mg-1.rnp.br/live/ocp(t(FlPOW0B8zkg)r(fVR9ug)a(yZaYKg)p(d(2xc)k(q8M)m(XcZEaxEjK7ftZIhwO7f_Og)n(a(izn18Q)s(Yq0)'a(r1A1-Q)s(jTA)))s(s(Tr8)b(lR7JvVzIf51na5bHrQlR9N0OYr4xenE41vrF4ior4J8uoGzZBWy6991Zkb4W8iNswhYh1Tj0vkugBJbaFg)'s(RyU)b(0D_ff2v5FWTk6UkkoLzLaws1Y86XCAHQbGiclkbToLTQiolq6IJdhV12GGT8UeyprfiSg8_0B3l4mBdlMNdHlW_aUOclvOr84K-YPhkw)'s(12w)b(cqRs4je9))m(0))/index.m3u8
RJ,Teresópolis,sem rede,Diário TV Teresópolis,h264,1080,,Diário TV Teresópolis,,Portuguese,BR,https://www.netdiario.com.br/img/logo.png,Notícias,-3,por,16:9,por,#000000,https://www.youtube.com/channel/UCYA_8op4pkwqWxbmcW-pzzQ/live
RN,Mossoró,TV Escola,Nossa TV,h264,720,,Nossa TV,,Portuguese,BR,,Educativo,-3,por,16:9,por,#000000,https://cdn.jmvstream.com/w/AVJ-9733/playlist/playlist.m3u8
RN,Natal,RecordTV,TV Tropical,h264,1080,TVTropical.br(m3u4u),TV Tropical,http://m3u4u.com/epg/68m7n4xmj4szww5n1gek,Portuguese,BR,,Geral,-3,por,16:9,por,#000000,https://59f2354c05961.streamlock.net:1443/tvtropical/_definst_/tvtropical/playlist.m3u8
RO,Porto Velho,sem rede,SIC TV,h264,1080,SICTV.br(m3u4u),SIC TV,http://m3u4u.com/epg/68m7n4xmj4szww5n1gek,Portuguese,BR,,Geral,-3,por,16:9,por,#000000,http://5953e7f9ae845.streamlock.net/2502/2502/playlist.m3u8
RS,Caxias do Sul,CNT,CNT Caxias,h264,720,CNT.REDE.br,CNT Caxias,https://github.com/epgshare01/share01/blob/master/epg_ripper_BR1.xml.gz?raw=true,Portuguese,BR,,Religioso,-3,por,16:9,por,#000000,https://d1s664t39qub1o.cloudfront.net/live/cnt-caxias.m3u8
RS,Passo Fundo,TV Cultura,UPFTV,h264,720,,UPFTV,,Portuguese,BR,,Educativo,-3,por,16:9,por,#000000,https://edge-df-01.eduplay.rnp.br/media/ocp(r(uxqJWw)t(AAAAAAAAAAA)p(d(1V0)k(cto)m(cAgw-imQ17DRoLXnz95FRw)n(a(3SvKKEX2OOhT6h3pe_Y_EFfDaFcT3ac-)s(Q7o)'a(Kvu_4LKVUK79KhEoIpPBfg1d)s(E1o)))s(t(sQg)b(N3U2BrNIlr__FHGgSagEOxUNBPapU6wLgFdu5hPXv3n22-TGb3AbZpfiS1pTXHOIcor3Raeer_hlcpDs4U46Sguz0n7js6nLVSk51ug78m5zYTubhun1nENFuNIPQqDZxUa7YVWX-68MY3Tf8FmhpqiFVUs5sK6wYWA_LCs)'t(opI)b(SlmvsQ63fGnFgfUmGie2Lo4LS_jehRFGCyA)))/index.m3u8
RS,Porto Alegre,RecordTV,RecordTV RS,h264,1080,RecordPortoAlegre.br(m3u4u),RecordTV RS,http://m3u4u.com/epg/68m7n4xmj4szww5n1gek,Portuguese,BR,,Geral,-3,por,16:9,por,#000000,https://playpluspoa-lh.akamaihd.net/i/pp_poa@377864/master.m3u8
RS,Porto Alegre,Rede TV!,TV Pampa,h264,1080,,TV Pampa,,Portuguese,BR,,Geral,-3,por,16:9,por,#000000,https://59f1cbe63db89.streamlock.net:1443/tvpampa/_definst_/tvpampa/playlist.m3u8
RS,Porto Alegre,SBT,SBT RS,h264,1080,,SBT RS,,Portuguese,BR,,Geral,-3,por,16:9,por,#000000,https://www.youtube.com/user/TVSBTRS/live
RS,Porto Alegre,sem rede,UniTV Porto Alegre,h264,480,NITV.-.NET.RS.br,UniTV Porto Alegre,https://github.com/epgshare01/share01/blob/master/epg_ripper_BR1.xml.gz?raw=true,Portuguese,BR,,Educativo,-3,por,16:9,por,#000000,http://unitvaovivo.ufrgs.br:8080/live.ogg
RS,Santa Cruz do Sul,Futura,Unisc TV,h264,1080,,Unisc TV,,Portuguese,BR,,Educativo,-3,por,16:9,por,#000000,https://tv.unisc.br/hls/test.m3u8
SC,Florianópolis,SBT,SCC SBT,h264,1080,,SCC SBT,,Portuguese,BR,,Geral,-3,por,16:9,por,#000000,https://www.youtube.com/channel/UCEzVIIPtAIfsRCEHwn4AOzw/live
SP,Americana,CNT,CNT Americana,h264,720,CNT.REDE.br,CNT Americana,https://github.com/epgshare01/share01/blob/master/epg_ripper_BR1.xml.gz?raw=true,Portuguese,BR,,Geral,-3,por,16:9,por,#000000,https://dd8umsy8yf96u.cloudfront.net/live/cnt-americana.m3u8
SP,Cachoeira Paulista,sem rede,Canção Nova,h264,720,CancaoNova.br(m3u4u),Canção Nova,http://m3u4u.com/epg/68m7n4xmj4szww5n1gek,Portuguese,BR,,Religioso,-3,por,16:9,por,#000000,https://www.youtube.com/channel/UCVrKQMmA2ew9LFzeIDaOFgw/live
SP,Campinas,sem rede,Rede Família,h264,1080,,Rede Família,,Portuguese,BR,,Religioso,-3,por,16:9,por,#000000,https://5a1c76baf08c0.streamlock.net/familia/smil:familia.smil/playlist.m3u8
SP,Guarujá,sem rede,ISTV,h264,1080,,ISTV,,Portuguese,BR,,Geral,-3,por,16:9,por,#000000,https://cdn.jmvstream.com/w/LVW-9883/LVW9883_lFcfKysrHF/playlist.m3u8
SP,Itu,sem rede,Itu TV,h264,720,,Itu TV,,Portuguese,BR,,Geral,-3,por,16:9,por,#000000,http://tv02.logicahost.com.br:1935/itutv/itutv/live.m3u8
SP,Jacareí,TV Novo Tempo,TV Novo Tempo,h264,1080,TVNovoTempo.br(m3u4u),TV Novo Tempo,http://m3u4u.com/epg/68m7n4xmj4szww5n1gek,Portuguese,BR,,Religioso,-3,por,16:9,por,#000000,https://stream.live.novotempo.com/tv/smil:tvnovotempo.smil/playlist.m3u8
SP,Jundiaí,sem rede,Canal 25 Jundiaí,h264,416,,Canal 25 Jundiaí,,Portuguese,BR,,Geral,-3,por,16:9,por,#000000,https://stream01.msolutionbrasil.com.br/hls/canal25/live.m3u8
SP,Osasco,sem rede,TV Osasco,h264,720,,TV Osasco,,Portuguese,BR,,Geral,-3,por,16:9,por,#000000,https://596639ebdd89b.streamlock.net/8074/8074/playlist.m3u8
SP,Santos,SBT,VTV SBT,h264,1080,,VTV SBT,,Portuguese,BR,,Geral,-3,por,16:9,por,#000000,https://www.youtube.com/channel/UC40TUSUx490U5uR1lZt3Ajg/live
SP,São Bernardo do Campo,sem rede,TVT,h264,1080,TVT.br(m3u4u),TVT,http://m3u4u.com/epg/68m7n4xmj4szww5n1gek,Portuguese,BR,,Geral,-3,por,16:9,por,#000000,https://stream-03.nyc.dailymotion.com/sec(hq_e0q5VHX_FvDCk_Uz4G-_tJGmtUlwDm9koLrvhPpU)/dm/3/x6ph7x7/d/live-0.m3u8
SP,São José do Rio Preto,Rede Vida,Rede Vida,h264,1080,RedeVida.br(m3u4u),Rede Vida,http://m3u4u.com/epg/68m7n4xmj4szww5n1gek,Portuguese,BR,,Religioso,-3,por,16:9,por,#000000,https://cvd1.cds.ebtcvd.net/live-redevida/smil:redevida.smil/playlist.m3u8
SP,São Paulo,Bandeirantes,Band São Paulo,h264,1080,Band.br(m3u4u),Band São Paulo,http://m3u4u.com/epg/68m7n4xmj4szww5n1gek,Portuguese,BR,,Geral,-3,por,16:9,por,#000000,http://evpp.mm.uol.com.br:1935/geob_band/app/playlist.m3u8
SP,São Paulo,RBTV,Rede Brasil,h264,720,RedeBrasil.br(m3u4u),Rede Brasil,http://m3u4u.com/epg/68m7n4xmj4szww5n1gek,Portuguese,BR,,Geral,-3,por,16:9,por,#000000,https://video01.logicahost.com.br/redebrasil/redebrasil/playlist.m3u8
SP,São Paulo,Record News,Record News SP,h264,1080,RecordNews.br(m3u4u),Record News SP,http://m3u4u.com/epg/68m7n4xmj4szww5n1gek,Portuguese,BR,,Notícias,-3,por,16:9,por,#000000,https://www.youtube.com/watch?v=eFiNz4ZlWA0
SP,São Paulo,RecordTV,RecordTV São Paulo,h264,1080,RecordTVSaoPaulo.br(m3u4u),RecordTV São Paulo,http://m3u4u.com/epg/68m7n4xmj4szww5n1gek,Portuguese,BR,,Geral,-3,por,16:9,por,#000000,https://playplusspo-lh.akamaihd.net/i/pp_sp@350176/master.m3u8
SP,São Paulo,Rede Legislativa,Rede ALESP,h264,1080,TVALESP.br(m3u4u),Rede ALESP,http://m3u4u.com/epg/68m7n4xmj4szww5n1gek,Portuguese,BR,,Legislativo,-3,por,16:9,por,#000000,https://www.youtube.com/user/assembleiaspconteudo/live
SP,São Paulo,Rede Legislativa,TV Câmara SP,h264,720,,TV Câmara SP,,Portuguese,BR,,Legislativo,-3,por,16:9,por,#000000,https://cdn.jmvstream.com/w/LVW-8711/ngrp:LVW8711_tG0F3TEBDL_all/playlist.m3u8
SP,São Paulo,Rede Mundial,Rede Mundial,h264,1080,,Rede Mundial,,Portuguese,BR,,Religioso,-3,por,16:9,por,#000000,https://58a4464faef53.streamlock.net/impd/ngrp:impd_all/playlist.m3u8
SP,São Paulo,SBT,SBT São Paulo,h264,1080,SBT.br(m3u4u),SBT São Paulo,http://m3u4u.com/epg/68m7n4xmj4szww5n1gek,Portuguese,BR,,Geral,-3,por,16:9,por,#000000,https://www.youtube.com/watch?v=ABVQXgr2LW4
SP,São Paulo,sem rede,Canal do Criador,h264,1080,,Canal do Criador,,Portuguese,BR,,Agro,-3,por,16:9,por,#000000,https://5f984b2feeeb4.streamlock.net/crur/smil:canaldocriador.smil/playlist.m3u8
SP,São Paulo,sem rede,Canal Rural,h264,1080,CanalRural.br(m3u4u),Canal Rural,http://m3u4u.com/epg/68m7n4xmj4szww5n1gek,Portuguese,BR,,Agro,-3,por,16:9,por,#000000,https://5f984b2feeeb4.streamlock.net/crur/smil:canalrural.smil/playlist.m3u8
SP,São Paulo,sem rede,Rede Gospel,h264,1080,RedeGospel.br(m3u4u),Rede Gospel,http://m3u4u.com/epg/68m7n4xmj4szww5n1gek,Portuguese,BR,,Religioso,-3,por,16:9,por,#000000,https://cdn.jmvstream.com/w/LVW-8719/LVW8719_AcLVAxWy5J/playlist.m3u8
SP,São Paulo,sem rede,RIT TV,h264,1080,RIT.TV.br,RIT TV,https://github.com/epgshare01/share01/blob/master/epg_ripper_BR1.xml.gz?raw=true,Portuguese,BR,,Religioso,-3,por,16:9,por,#000000,https://www.youtube.com/channel/UCA0bOG0NUfJ855eDtHSxOkw/live
SP,São Paulo,sem rede,SescTV,h264,720,SescTV.br(m3u4u),SescTV,http://m3u4u.com/epg/68m7n4xmj4szww5n1gek,Portuguese,BR,,Geral,-3,por,16:9,por,#000000,https://slbps-ml-sambatech.akamaized.net/samba-live/2472/7424/8a00fe7cc36ac263b2c3e9324497d5ff/video/0c884f97-4264-446f-abcd-03aa46089a96_index720p.m3u8
SP,São Paulo,sem rede,Terra Viva,h264,720,Terraviva.br(m3u4u),Terra Viva,http://m3u4u.com/epg/68m7n4xmj4szww5n1gek,Portuguese,BR,,Agro,-3,por,16:9,por,#000000,http://evpp.mm.uol.com.br:1935/band_live/terraviva/playlist.m3u8?
SP,São Paulo,sem rede,TopTV,h264,1080,,TopTV,,Portuguese,BR,,Geral,-3,por,16:9,por,#000000,https://cast.cdnseguro.com:19360/8092/8092.m3u8
SP,São Paulo,sem rede,TV Faap,h264,1080,,TV Faap,,Portuguese,BR,,Educativo,-3,por,16:9,por,#000000,
SP,São Paulo,sem rede,TV Mackienze,h264,480,,TV Mackienze,,Portuguese,BR,,Educativo,-3,por,16:9,por,#000000,https://player.internetaovivo.com:8443/live_tvmackenzieabr/tvmackenzieabr/playlist.m3u8
SP,São Paulo,TV Gazeta,TV Gazeta,h264,720,Gazeta.br(m3u4u),TV Gazeta,http://m3u4u.com/epg/68m7n4xmj4szww5n1gek,Portuguese,BR,,Geral,-3,por,16:9,por,#000000,
SP,Valinhos,sem rede,Rede Século 21,h264,1080,,Rede Século 21,,Portuguese,BR,,Religioso,-3,por,16:9,por,#000000,https://cdn.jmvstream.com/w/LVW-10024/ngrp:LVW10024_H3QLdAY6kx_all/playlist.m3u8
